"CIS","doc_number"
"65763132","08C0051"
"60393661","08C0051"
"69800507","08C0051"
"67071218","08C0051"
"65348481","09C0057"
"65314657","09C0057"
"62002638","09C0057"
"66661714","09C0058"
"64386835","09C0058"
"63629490","09C0059"
"64339586","09C0059"
"61415541","09C0062"
"69541570","09C0062"
"65001897","00C0031"
"65708335","00C0031"
"65982642","00C0031"
"67144004","00C0031"
"67517898","00C0031"
"68194451","00C0031"
"65927172","04C0008"
"68232927","04C0008"
"65247735","04C0008"
"61186758","04C0008"
"66851724","04C0008"
"62892111","04C0008"
"69044807","04C0008"
"64889982","07C0035"
"60595727","07C0035"
"67146044","07C0035"
"67520378","08C0008"
"63586968","08C0026"
"69260153","08C0026"
"67315206","08C0026"
"63588136","08C0026"
"62457041","08C0026"
"69107620","09C0008"
"67121308","09C0008"
"69582503","09C0008"
"69107620","09C0009"
"67121308","09C0009"
"69582503","09C0009"
"64967356","09C0041"
"64357958","09C0041"
"62229123","09C0041"
"62359608","09C0041"
"62377079","09C0041"
"67392245","09C0064"
"61136926","09C0064"
"60457263","09C0065"
"63886766","03C0026"
"64959320","03C0026"
"68667580","03C0026"
"61187835","03C0026"
"68672848","03C0026"
"66393935","03C0026"
"63886766","08C0050"
"64959320","08C0050"
"68667580","08C0050"
"61187835","08C0050"
"68672848","08C0050"
"66393935","08C0050"
"69471136","10C0001"
"63947653","10C0001"
"60148167","10C0002"
"67042907","03C0036"
"67200232","03C0036"
"67134227","03C0036"
"64839577","03C0036"
"64347476","03C0036"
"61048216","06C0019"
"61385500","06C0019"
"61687655","06C0019"
"63791663","06C0019"
"65190921","06C0019"
"66793356","06C0019"
"66838901","06C0019"
"67169242","06C0019"
"61048216","06C0019"
"61385500","06C0019"
"61687655","06C0019"
"63791663","06C0019"
"65190921","06C0019"
"66793356","06C0019"
"66838901","06C0019"
"67169242","06C0019"
"66844562","10C0004"
"64036190","10C0004"
"60002283","97C0023"
"60968852","97C0023"
"61355076","97C0023"
"61464385","97C0023"
"62292020","97C0023"
"62303214","97C0023"
"62622105","97C0023"
"62689972","97C0023"
"63213613","97C0023"
"63568984","97C0023"
"63917756","97C0023"
"64417412","97C0023"
"65664198","97C0023"
"66541540","97C0023"
"67160962","97C0023"
"67271293","97C0023"
"67354892","97C0023"
"68031753","97C0023"
"68434537","97C0023"
"68900650","97C0023"
"69249662","97C0023"
"69367995","97C0023"
"69890344","97C0023"
"69997905","97C0023"
"60002283","97C0023"
"60968852","97C0023"
"61355076","97C0023"
"61464385","97C0023"
"62292020","97C0023"
"62303214","97C0023"
"62622105","97C0023"
"62689972","97C0023"
"63213613","97C0023"
"63568984","97C0023"
"63917756","97C0023"
"64417412","97C0023"
"65664198","97C0023"
"66541540","97C0023"
"67160962","97C0023"
"67271293","97C0023"
"67354892","97C0023"
"68031753","97C0023"
"68434537","97C0023"
"68900650","97C0023"
"69249662","97C0023"
"69367995","97C0023"
"69890344","97C0023"
"69997905","97C0023"
"68971188","01C0032"
"68971188","01C0032"
"61694240","06C0010"
"63390528","06C0010"
"67311535","06C0010"
"69850613","98C0033"
"67070657","98C0033"
"61689033","98C0033"
"64708108","98C0033"
"67885398","98C0033"
"67402045","98C0033"
"63093669","98C0033"
"69850613","98C0038"
"67070657","98C0038"
"61689033","98C0038"
"64708108","98C0038"
"67885398","98C0038"
"67402045","98C0038"
"63093669","98C0038"
"66716961","01C0035"
"62785629","01C0035"
"67700426","10C0005"
"62534114","10C0005"
"60035714","10C0005"
"62222050","10C0005"
"67084265","10C0006"
"62036213","10C0006"
"63181966","10C0007"
"66862731","10C0010"
"65916489","09C0031"
"64463662","06C0034"
"65256093","10C0012"
"67700426","10C0014"
"62534114","10C0014"
"60035714","10C0014"
"62222050","10C0014"
"66661714","10C0015"
"64386835","10C0015"
"61969188","10C0016"
"62966063","10C0020"
"69594306","96C0027"
"63479642","96C0027"
"62173094","96C0027"
"63227488","96C0027"
"64493890","10C0022"
"61871331","10C0022"
"64617605","10C0023"
"61045063","10C0023"
"65369123","10C0023"
"63945271","10C0023"
"66844562","10C0024"
"64036190","10C0024"
"60396426","01C0012"
"64702347","01C0012"
"60798510","01C0012"
"63076285","01C0012"
"66907589","01C0054"
"62940702","01C0054"
"60574505","04C0010"
"66824150","04C0010"
"61951090","04C0010"
"66256064","04C0010"
"60956323","06C0037"
"69604608","07C0023"
"69604608","07C0025"
"69604608","07C0026"
"64889982","07C0041"
"60595727","07C0041"
"63591602","07C0043"
"68300050","07C0043"
"64005832","08C0021"
"66010671","08C0033"
"63514730","09C0004"
"64044237","09C0004"
"66595716","09C0004"
"65142848","09C0020"
"63593585","09C0020"
"66862610","09C0020"
"69340343","09C0021"
"67522169","09C0021"
"65283311","09C0021"
"66170398","09C0021"
"65711858","09C0022"
"62681541","09C0025"
"62764909","09C0025"
"69784330","09C0028"
"63329030","09C0028"
"67218369","09C0029"
"61666369","09C0049"
"63026453","09C0049"
"64598514","09C0049"
"66056341","09C0049"
"68174566","09C0049"
"60116447","09C0055"
"60337328","09C0055"
"60355600","09C0055"
"60648158","09C0055"
"60774598","09C0055"
"61132034","09C0055"
"61179767","09C0055"
"61706205","09C0055"
"61788049","09C0055"
"61883586","09C0055"
"62240657","09C0055"
"62788447","09C0055"
"62961493","09C0055"
"62969440","09C0055"
"63141402","09C0055"
"63235360","09C0055"
"63422748","09C0055"
"63475277","09C0055"
"63653160","09C0055"
"63718067","09C0055"
"64097599","09C0055"
"64173456","09C0055"
"64705311","09C0055"
"64816831","09C0055"
"65035230","09C0055"
"65132804","09C0055"
"65527662","09C0055"
"65546901","09C0055"
"65604468","09C0055"
"65607350","09C0055"
"65620522","09C0055"
"65660794","09C0055"
"65988645","09C0055"
"66017203","09C0055"
"66170989","09C0055"
"66252856","09C0055"
"66258186","09C0055"
"66315000","09C0055"
"66791145","09C0055"
"66927702","09C0055"
"67054585","09C0055"
"67107098","09C0055"
"67447122","09C0055"
"67811330","09C0055"
"68066416","09C0055"
"68220857","09C0055"
"68314370","09C0055"
"68427382","09C0055"
"68488702","09C0055"
"68887103","09C0055"
"69071238","09C0055"
"69172746","09C0055"
"69384667","09C0055"
"69506459","09C0055"
"69838148","09C0055"
"69977393","09C0055"
"61952274","10C0030"
"69213011","10C0031"
"60397909","10C0032"
"62597926","03C0037"
"64220863","03C0037"
"66152197","03C0037"
"67258011","03C0037"
"67581317","03C0037"
"68573412","03C0037"
"62597926","03C0037"
"64220863","03C0037"
"66152197","03C0037"
"67258011","03C0037"
"67581317","03C0037"
"68573412","03C0037"
"69256710","07C0059"
"61927584","07C0059"
"60627865","07C0059"
"61070305","07C0059"
"63044647","07C0059"
"68950692","02C0011"
"60058008","07C0042"
"66996659","07C0042"
"61695837","07C0042"
"60232359","97C0050"
"60282789","97C0050"
"60375880","97C0050"
"60701479","97C0050"
"61086505","97C0050"
"61143842","97C0050"
"61217253","97C0050"
"61823653","97C0050"
"61911509","97C0050"
"61960118","97C0050"
"62118322","97C0050"
"62204262","97C0050"
"62207600","97C0050"
"62241816","97C0050"
"62253042","97C0050"
"62312829","97C0050"
"62435881","97C0050"
"62518793","97C0050"
"62582582","97C0050"
"62870759","97C0050"
"62925789","97C0050"
"63902601","97C0050"
"64116131","97C0050"
"64854807","97C0050"
"65243256","97C0050"
"65471256","97C0050"
"65621357","97C0050"
"65756419","97C0050"
"65780473","97C0050"
"66248854","97C0050"
"66273170","97C0050"
"66334381","97C0050"
"66383663","97C0050"
"66599839","97C0050"
"66847302","97C0050"
"66870190","97C0050"
"67087471","97C0050"
"67357066","97C0050"
"67519721","97C0050"
"67813947","97C0050"
"68065816","97C0050"
"68181742","97C0050"
"68337885","97C0050"
"68410194","97C0050"
"68598472","97C0050"
"68615199","97C0050"
"68751498","97C0050"
"69319623","97C0050"
"69557432","97C0050"
"69590076","97C0050"
"69593873","97C0050"
"60232359","97C0050"
"60282789","97C0050"
"60375880","97C0050"
"60701479","97C0050"
"61086505","97C0050"
"61143842","97C0050"
"61217253","97C0050"
"61823653","97C0050"
"61911509","97C0050"
"61960118","97C0050"
"62118322","97C0050"
"62204262","97C0050"
"62207600","97C0050"
"62241816","97C0050"
"62253042","97C0050"
"62312829","97C0050"
"62435881","97C0050"
"62518793","97C0050"
"62582582","97C0050"
"62870759","97C0050"
"62925789","97C0050"
"63902601","97C0050"
"64116131","97C0050"
"64854807","97C0050"
"65243256","97C0050"
"65471256","97C0050"
"65621357","97C0050"
"65756419","97C0050"
"65780473","97C0050"
"66248854","97C0050"
"66273170","97C0050"
"66334381","97C0050"
"66383663","97C0050"
"66599839","97C0050"
"66847302","97C0050"
"66870190","97C0050"
"67087471","97C0050"
"67357066","97C0050"
"67519721","97C0050"
"67813947","97C0050"
"68065816","97C0050"
"68181742","97C0050"
"68337885","97C0050"
"68410194","97C0050"
"68598472","97C0050"
"68615199","97C0050"
"68751498","97C0050"
"69319623","97C0050"
"69557432","97C0050"
"69590076","97C0050"
"69593873","97C0050"
"60509781","96C0006"
"60385433","96C0006"
"68257752","96C0006"
"62966063","05C0015"
"66843357","04C0030"
"62362369","96C0050"
"60841335","97C0003"
"63739570","97C0003"
"60456154","97C0003"
"67974498","97C0003"
"68046787","10C0042"
"68046787","10C0043"
"68046787","10C0044"
"65256093","10C0045"
"63576333","98C0044"
"67364819","98C0044"
"62522076","98C0044"
"66403621","08C0022"
"65521773","98C0010"
"64256891","10C0047"
"62362369","96C0049"
"61276045","04C0007"
"62712079","04C0007"
"60892792","08C0017"
"64313253","09C0030"
"68638461","09C0030"
"68214968","09C0053"
"65788541","09C0053"
"67146044","07C0046"
"60570229","02C0028"
"68499809","02C0028"
"69733859","02C0028"
"66384167","10C0026"
"64256891","10C0048"
"64256891","10C0049"
"64256891","10C0050"
"60634703","10C0054"
"68046787","11C0001"
"60329242","11C0002"
"62093602","11C0002"
"62126714","11C0002"
"62530564","11C0002"
"66972245","11C0002"
"68274328","11C0002"
"69361469","11C0002"
"60329242","11C0002"
"62093602","11C0002"
"62126714","11C0002"
"62530564","11C0002"
"66972245","11C0002"
"68274328","11C0002"
"69361469","11C0002"
"69075222","11C0004"
"64745003","00C0036"
"61404477","00C0036"
"65979151","00C0036"
"68829121","09C0040"
"68214968","09C0051"
"65788541","09C0051"
"68214968","09C0052"
"65788541","09C0052"
"62645506","09C0054"
"65369582","11C0005"
"68001856","11C0006"
"66332028","11C0006"
"60106848","09C0024"
"60211347","09C0024"
"60555469","09C0024"
"61117406","09C0024"
"61145551","09C0024"
"63068064","09C0024"
"63822272","09C0024"
"64392076","09C0024"
"65533569","09C0024"
"66196083","09C0024"
"68259696","09C0024"
"68646198","09C0024"
"68662722","09C0024"
"68710067","09C0024"
"68710989","09C0024"
"68727159","09C0024"
"68751765","09C0024"
"68946021","09C0024"
"60757264","10C0034"
"67675236","10C0034"
"61736230","10C0034"
"61951699","10C0034"
"65024515","10C0036"
"69141416","10C0036"
"62555172","10C0038"
"64124103","10C0038"
"67240376","10C0038"
"68243813","10C0038"
"62555172","10C0038"
"64124103","10C0038"
"67240376","10C0038"
"68243813","10C0038"
"65711858","09C0023"
"67700337","11C0008"
"64505047","11C0008"
"69032413","11C0008"
"66797543","11C0008"
"61805185","99C0016"
"64718440","99C0016"
"65777648","99C0016"
"66477810","99C0016"
"61805185","99C0016"
"64718440","99C0016"
"65777648","99C0016"
"66477810","99C0016"
"60634703","11C0012"
"64746646","11C0016"
"61958462","11C0016"
"68369993","99C0013"
"60560224","99C0013"
"61842988","99C0013"
"69197468","01C0027"
"68003070","11C0021"
"60728597","11C0021"
"69604608","11C0022"
"69855489","05C0022"
"65562898","99C0009"
"68826958","99C0009"
"61054849","11C0030"
"64304674","11C0031"
"67835744","11C0032"
"61477621","11C0032"
"60601728","11C0033"
"66614262","11C0035"
"64760254","11C0035"
"68716209","11C0035"
"65554816","11C0035"
"60713079","11C0035"
"68003070","11C0036"
"60728597","11C0036"
"63816522","11C0038"
"66263176","11C0039"
"65039855","11C0039"
"69285352","11C0039"
"65572885","11C0039"
"67559573","11C0039"
"69340279","11C0042"
"61902218","11C0042"
"62722988","05C0033"
"65795991","08C0012"
"68961183","08C0012"
"61048216","11C0048"
"61385500","11C0048"
"61687655","11C0048"
"63791663","11C0048"
"65190921","11C0048"
"66793356","11C0048"
"66838901","11C0048"
"67169242","11C0048"
"61048216","11C0048"
"61385500","11C0048"
"61687655","11C0048"
"63791663","11C0048"
"65190921","11C0048"
"66793356","11C0048"
"66838901","11C0048"
"67169242","11C0048"
"60562855","98C0036"
"63564053","98C0036"
"62483787","11C0049"
"69597619","11C0053"
"62975984","03C0040"
"69847318","03C0040"
"62235902","03C0040"
"64783769","03C0040"
"63364686","03C0040"
"65344586","03C0040"
"69835440","03C0040"
"65325739","03C0040"
"68739019","09C0050"
"69014721","11C0054"
"66425614","11C0055"
"67337081","11C0055"
"62228427","99C0019"
"63791738","99C0019"
"69410368","99C0019"
"65501436","99C0019"
"65592934","12C0001"
"60205159","12C0001"
"65600733","12C0001"
"66532840","12C0003"
"66532840","12C0004"
"61335127","12C0005"
"62483787","12C0006"
"64333487","08C0052"
"66845924","99C0043"
"66845924","99C0043"
"63858119","11C0023"
"65925723","11C0023"
"63858119","11C0023"
"65925723","11C0023"
"62597926","09C0016"
"64220863","09C0016"
"66152197","09C0016"
"67258011","09C0016"
"67581317","09C0016"
"68573412","09C0016"
"62597926","09C0016"
"64220863","09C0016"
"66152197","09C0016"
"67258011","09C0016"
"67581317","09C0016"
"68573412","09C0016"
"66376626","12C0008"
"69890052","99C0012"
"68944294","99C0012"
"67884271","01C0036"
"62070450","99C0033"
"68556562","99C0033"
"69741731","06C0025"
"66662951","06C0025"
"60200500","06C0025"
"61578613","06C0025"
"68674913","12C0028"
"66105532","12C0029"
"63025141","12C0035"
"63578537","12C0036"
"67700426","12C0037"
"62534114","12C0037"
"60035714","12C0037"
"62222050","12C0037"
"62975984","12C0038"
"69847318","12C0038"
"62235902","12C0038"
"64783769","12C0038"
"63364686","12C0038"
"65344586","12C0038"
"69835440","12C0038"
"65325739","12C0038"
"69107620","12C0039"
"67121308","12C0039"
"69582503","12C0039"
"66271123","12C0040"
"68045233","12C0041"
"68990053","12C0041"
"67724733","12C0041"
"64714278","12C0041"
"64400612","12C0041"
"69935063","12C0041"
"66311151","12C0041"
"60368028","12C0041"
"69604608","07C0014"
"69604608","07C0015"
"69604608","07C0016"
"69604608","07C0020"
"69604608","07C0073"
"65795991","07C0080"
"68961183","07C0080"
"64098181","07C0062"
"64098181","07C0063"
"64098181","07C0066"
"69604608","07C0072"
"69604608","07C0074"
"69604608","07C0075"
"69604608","07C0076"
"64098181","07C0077"
"64098181","07C0078"
"64098181","07C0079"
"60148167","12C0042"
"65570603","12C0043"
"63484283","12C0043"
"65693901","12C0043"
"64598731","12C0044"
"67423712","12C0044"
"64542736","01C0048"
"67481345","98C0024"
"64522751","98C0024"
"64933635","98C0024"
"61547030","99C0001"
"67305500","99C0001"
"63826452","99C0001"
"69604608","07C0013"
"60670806","12C0045"
"65808531","12C0048"
"69269825","12C0048"
"65931808","12C0049"
"62090595","12C0050"
"63866728","12C0050"
"68319944","12C0050"
"62332372","12C0050"
"68975699","12C0050"
"62657978","12C0050"
"66975533","12C0050"
"69483042","12C0050"
"64098181","07C0067"
"64098181","07C0068"
"64098181","07C0069"
"64745003","00C0023"
"61404477","00C0023"
"65979151","00C0023"
"64628249","12C0053"
"64628249","12C0053"
"63886766","00C0015"
"64959320","00C0015"
"68667580","00C0015"
"61187835","00C0015"
"68672848","00C0015"
"66393935","00C0015"
"65142848","09C0019"
"63593585","09C0019"
"66862610","09C0019"
"69241562","12C0059"
"69241562","12C0060"
"69241562","12C0062"
"69241562","12C0063"
"69454261","12C0064"
"68438457","12C0066"
"67392081","12C0067"
"64055988","04C0027"
"65198099","04C0027"
"61815891","04C0027"
"64224801","04C0027"
"66791654","04C0027"
"60599533","04C0027"
"69641873","04C0027"
"60892792","08C0016"
"67700426","12C0070"
"62534114","12C0070"
"60035714","12C0070"
"62222050","12C0070"
"62975984","12C0071"
"69847318","12C0071"
"62235902","12C0071"
"64783769","12C0071"
"63364686","12C0071"
"65344586","12C0071"
"69835440","12C0071"
"65325739","12C0071"
"68046787","12C0072"
"69856153","12C0074"
"61849146","12C0074"
"68328199","12C0074"
"63602479","12C0074"
"64387360","12C0074"
"65931110","12C0074"
"61817935","00C0006"
"67810869","00C0006"
"63864225","00C0006"
"68932534","00C0006"
"65570603","12C0078"
"63484283","12C0078"
"65693901","12C0078"
"68466937","13C0002"
"61892368","13C0003"
"69381411","13C0003"
"61505362","13C0003"
"63212461","13C0003"
"60249903","13C0003"
"65584250","13C0007"
"60672974","13C0007"
"66180136","13C0007"
"65291824","13C0007"
"65424751","13C0008"
"63112361","13C0009"
"64929099","13C0009"
"68795701","13C0009"
"69613703","13C0009"
"64922489","13C0010"
"69083347","13C0010"
"67939209","13C0010"
"61357910","13C0010"
"65238711","13C0012"
"67392081","13C0012"
"65238711","13C0012"
"67392081","13C0012"
"63112361","13C0013"
"64929099","13C0013"
"69340343","13C0014"
"67522169","13C0014"
"65283311","13C0014"
"66170398","13C0014"
"66937155","13C0015"
"61506083","13C0015"
"60912227","13C0016"
"60887592","03C0028"
"60977940","03C0028"
"60981789","03C0028"
"62056326","03C0028"
"63430289","03C0028"
"63964962","03C0028"
"64894794","03C0028"
"65303899","03C0028"
"65639202","03C0028"
"65825737","03C0028"
"66192722","03C0028"
"66718898","03C0028"
"66999267","03C0028"
"67451779","03C0028"
"67841576","03C0028"
"68139818","03C0028"
"68607455","03C0028"
"69062997","03C0028"
"69068516","03C0028"
"69355352","03C0028"
"69510055","03C0028"
"60887592","03C0028"
"60977940","03C0028"
"60981789","03C0028"
"62056326","03C0028"
"63430289","03C0028"
"63964962","03C0028"
"64894794","03C0028"
"65303899","03C0028"
"65639202","03C0028"
"65825737","03C0028"
"66192722","03C0028"
"66718898","03C0028"
"66999267","03C0028"
"67451779","03C0028"
"67841576","03C0028"
"68139818","03C0028"
"68607455","03C0028"
"69062997","03C0028"
"69068516","03C0028"
"69355352","03C0028"
"69510055","03C0028"
"60061709","05C0040"
"60286296","05C0040"
"60371679","05C0040"
"60849677","05C0040"
"61367363","05C0040"
"61537673","05C0040"
"62444948","05C0040"
"62562380","05C0040"
"63813120","05C0040"
"63857227","05C0040"
"64071818","05C0040"
"64639263","05C0040"
"65057814","05C0040"
"65096870","05C0040"
"65133660","05C0040"
"65261628","05C0040"
"65654186","05C0040"
"65722573","05C0040"
"65727499","05C0040"
"65985122","05C0040"
"66397549","05C0040"
"66535078","05C0040"
"67065998","05C0040"
"67277944","05C0040"
"67626755","05C0040"
"67729292","05C0040"
"68100377","05C0040"
"68759769","05C0040"
"68823378","05C0040"
"69226336","05C0040"
"69252929","05C0040"
"69439793","05C0040"
"69624646","05C0040"
"69705404","05C0040"
"60061709","05C0040"
"60286296","05C0040"
"60371679","05C0040"
"60849677","05C0040"
"61367363","05C0040"
"61537673","05C0040"
"62444948","05C0040"
"62562380","05C0040"
"63813120","05C0040"
"63857227","05C0040"
"64071818","05C0040"
"64639263","05C0040"
"65057814","05C0040"
"65096870","05C0040"
"65133660","05C0040"
"65261628","05C0040"
"65654186","05C0040"
"65722573","05C0040"
"65727499","05C0040"
"65985122","05C0040"
"66397549","05C0040"
"66535078","05C0040"
"67065998","05C0040"
"67277944","05C0040"
"67626755","05C0040"
"67729292","05C0040"
"68100377","05C0040"
"68759769","05C0040"
"68823378","05C0040"
"69226336","05C0040"
"69252929","05C0040"
"69439793","05C0040"
"69624646","05C0040"
"69705404","05C0040"
"69380042","06C0009"
"65644772","06C0009"
"62076503","06C0009"
"69941269","13C0017"
"69941269","13C0020"
"67456363","13C0022"
"60089217","13C0024"
"60089217","13C0025"
"66866548","13C0027"
"65079764","13C0027"
"68795701","13C0028"
"69613703","13C0028"
"65088998","01C0028"
"60391646","05C0020"
"67096189","05C0043"
"69108170","05C0043"
"66553998","05C0043"
"63629490","07C0017"
"64339586","07C0017"
"69225978","07C0017"
"65283820","07C0017"
"63841059","07C0017"
"66383994","13C0031"
"61782473","13C0031"
"66383994","13C0032"
"61782473","13C0032"
"62483787","13C0033"
"69786114","13C0035"
"60791754","13C0035"
"64883869","13C0037"
"62271624","09C0018"
"63308748","09C0018"
"66987336","09C0018"
"69304991","09C0018"
"62271624","09C0018"
"63308748","09C0018"
"66987336","09C0018"
"69304991","09C0018"
"69236394","03C0021"
"64493883","13C0046"
"64198267","13C0048"
"68366495","13C0050"
"66839572","13C0050"
"63294049","13C0050"
"64892010","13C0051"
"61298230","13C0052"
"64493883","13C0053"
"63886766","00C0021"
"64959320","00C0021"
"68667580","00C0021"
"61187835","00C0021"
"68672848","00C0021"
"66393935","00C0021"
"62066808","06C0040"
"69469719","06C0040"
"62048799","06C0040"
"66921927","08C0014"
"63599556","09C0015"
"66052179","09C0015"
"63599556","09C0015"
"66052179","09C0015"
"69189172","13C0058"
"69941269","13C0059"
"69548508","13C0060"
"65768058","13C0061"
"64569676","13C0064"
"62170212","13C0068"
"64565603","13C0068"
"64793382","13C0069"
"63894229","13C0069"
"63898099","13C0069"
"60828932","13C0071"
"64093355","13C0071"
"60468092","02C0025"
"60505950","02C0025"
"60724061","02C0025"
"61065315","02C0025"
"61354914","02C0025"
"61635181","02C0025"
"61741918","02C0025"
"61819669","02C0025"
"62052833","02C0025"
"62127307","02C0025"
"62152730","02C0025"
"63036604","02C0025"
"63115432","02C0025"
"63163772","02C0025"
"64315724","02C0025"
"64380476","02C0025"
"64572074","02C0025"
"65036357","02C0025"
"65100781","02C0025"
"65306016","02C0025"
"65546488","02C0025"
"65554855","02C0025"
"65648500","02C0025"
"65773258","02C0025"
"66664532","02C0025"
"67008036","02C0025"
"67232600","02C0025"
"67403357","02C0025"
"67461691","02C0025"
"67802737","02C0025"
"67803383","02C0025"
"68441909","02C0025"
"68684505","02C0025"
"69152302","02C0025"
"69390232","02C0025"
"60468092","02C0025"
"60505950","02C0025"
"60724061","02C0025"
"61065315","02C0025"
"61354914","02C0025"
"61635181","02C0025"
"61741918","02C0025"
"61819669","02C0025"
"62052833","02C0025"
"62127307","02C0025"
"62152730","02C0025"
"63036604","02C0025"
"63115432","02C0025"
"63163772","02C0025"
"64315724","02C0025"
"64380476","02C0025"
"64572074","02C0025"
"65036357","02C0025"
"65100781","02C0025"
"65306016","02C0025"
"65546488","02C0025"
"65554855","02C0025"
"65648500","02C0025"
"65773258","02C0025"
"66664532","02C0025"
"67008036","02C0025"
"67232600","02C0025"
"67403357","02C0025"
"67461691","02C0025"
"67802737","02C0025"
"67803383","02C0025"
"68441909","02C0025"
"68684505","02C0025"
"69152302","02C0025"
"69390232","02C0025"
"64898084","02C0046"
"67216133","02C0046"
"61182432","02C0046"
"60415442","14C0001"
"60731732","14C0001"
"61133823","14C0001"
"65613168","14C0001"
"65806466","14C0001"
"66297965","14C0001"
"67015187","14C0001"
"67245163","14C0001"
"67997582","14C0001"
"68103252","14C0001"
"68594342","14C0001"
"60415442","14C0001"
"60731732","14C0001"
"61133823","14C0001"
"65613168","14C0001"
"65806466","14C0001"
"66297965","14C0001"
"67015187","14C0001"
"67245163","14C0001"
"67997582","14C0001"
"68103252","14C0001"
"68594342","14C0001"
"67507605","14C0002"
"61120893","02C0030"
"64665856","02C0030"
"66425767","02C0030"
"63830251","02C0030"
"69243759","14C0003"
"69565055","14C0003"
"69851117","14C0003"
"67855921","04C0031"
"64304546","04C0031"
"62110699","04C0031"
"65179437","04C0031"
"67928173","04C0031"
"60018088","04C0031"
"64406647","04C0031"
"63096099","04C0031"
"64198267","14C0005"
"64198267","14C0006"
"64198267","14C0007"
"67737086","14C0009"
"67904083","14C0009"
"65580825","14C0009"
"60673325","14C0009"
"62160702","14C0010"
"61415541","14C0011"
"69541570","14C0011"
"68471674","14C0012"
"63914596","07C0007"
"64205548","07C0007"
"68097237","07C0007"
"69388740","07C0007"
"65249056","14C0018"
"69022853","14C0018"
"68001856","14C0020"
"66332028","14C0020"
"62553246","14C0021"
"62553246","14C0022"
"60915522","00C0037"
"61174898","00C0037"
"61667994","00C0037"
"61685049","00C0037"
"62005890","00C0037"
"62296517","00C0037"
"62338400","00C0037"
"62395294","00C0037"
"62970706","00C0037"
"63909663","00C0037"
"64306579","00C0037"
"64520316","00C0037"
"64610055","00C0037"
"64738350","00C0037"
"64938536","00C0037"
"65878362","00C0037"
"66150367","00C0037"
"66403692","00C0037"
"67058644","00C0037"
"68052288","00C0037"
"68110962","00C0037"
"68156269","00C0037"
"68552795","00C0037"
"68765423","00C0037"
"68840694","00C0037"
"68891831","00C0037"
"68952704","00C0037"
"60915522","00C0037"
"61174898","00C0037"
"61667994","00C0037"
"61685049","00C0037"
"62005890","00C0037"
"62296517","00C0037"
"62338400","00C0037"
"62395294","00C0037"
"62970706","00C0037"
"63909663","00C0037"
"64306579","00C0037"
"64520316","00C0037"
"64610055","00C0037"
"64738350","00C0037"
"64938536","00C0037"
"65878362","00C0037"
"66150367","00C0037"
"66403692","00C0037"
"67058644","00C0037"
"68052288","00C0037"
"68110962","00C0037"
"68156269","00C0037"
"68552795","00C0037"
"68765423","00C0037"
"68840694","00C0037"
"68891831","00C0037"
"68952704","00C0037"
"64936439","02C0012"
"63485353","02C0012"
"62553246","14C0023"
"67737086","14C0024"
"67904083","14C0024"
"65580825","14C0024"
"60673325","14C0024"
"63547132","14C0026"
"64493883","13C0039"
"64493883","13C0040"
"61740809","14C0028"
"64122611","14C0028"
"64832942","14C0032"
"66086562","14C0032"
"60025054","14C0032"
"60203795","14C0032"
"61875550","14C0032"
"68562572","14C0033"
"61439909","14C0033"
"60316362","14C0033"
"62792157","14C0033"
"65044350","14C0037"
"67582344","14C0037"
"62333524","14C0037"
"66990599","14C0037"
"64266526","14C0037"
"68274043","14C0037"
"61192750","04C0001"
"62042376","04C0001"
"62235902","04C0001"
"62975984","04C0001"
"63364686","04C0001"
"63592177","04C0001"
"63795537","04C0001"
"63895021","04C0001"
"64202598","04C0001"
"64783769","04C0001"
"65325739","04C0001"
"65344586","04C0001"
"65407798","04C0001"
"65837903","04C0001"
"66112231","04C0001"
"66906448","04C0001"
"67080391","04C0001"
"68311292","04C0001"
"69567729","04C0001"
"69835440","04C0001"
"69847318","04C0001"
"61192750","04C0001"
"62042376","04C0001"
"62235902","04C0001"
"62975984","04C0001"
"63364686","04C0001"
"63592177","04C0001"
"63795537","04C0001"
"63895021","04C0001"
"64202598","04C0001"
"64783769","04C0001"
"65325739","04C0001"
"65344586","04C0001"
"65407798","04C0001"
"65837903","04C0001"
"66112231","04C0001"
"66906448","04C0001"
"67080391","04C0001"
"68311292","04C0001"
"69567729","04C0001"
"69835440","04C0001"
"69847318","04C0001"
"66302387","14C0038"
"68729480","14C0039"
"60667087","14C0039"
"66706942","14C0039"
"62170212","14C0040"
"64565603","14C0040"
"64510425","14C0041"
"63679504","14C0041"
"62685155","14C0041"
"61412157","14C0042"
"61412157","14C0042"
"69604608","07C0018"
"60912227","14C0035"
"69107620","14C0036"
"67121308","14C0036"
"69582503","14C0036"
"67099299","14C0027"
"68739019","14C0048"
"63597651","14C0050"
"67104351","14C0050"
"63597651","14C0051"
"67104351","14C0051"
"60552619","14C0053"
"60893549","14C0053"
"62178757","14C0053"
"62373038","14C0053"
"65540866","14C0053"
"67020138","14C0053"
"68553865","14C0053"
"60552619","14C0053"
"60893549","14C0053"
"62178757","14C0053"
"62373038","14C0053"
"65540866","14C0053"
"67020138","14C0053"
"68553865","14C0053"
"60267506","14C0054"
"60462965","14C0055"
"61669899","14C0055"
"63150294","14C0055"
"68293613","14C0056"
"64147632","05C0024"
"64748145","05C0024"
"64861673","05C0024"
"66880925","05C0024"
"60459499","05C0024"
"66848183","08C0041"
"68499606","08C0041"
"60670806","14C0057"
"66866548","14C0058"
"65079764","14C0058"
"61206641","14C0059"
"65690588","14C0060"
"60622302","14C0064"
"63846800","14C0064"
"60481517","14C0065"
"62635259","14C0065"
"60481517","14C0065"
"62635259","14C0065"
"64639797","14C0066"
"61042996","14C0070"
"68722564","14C0071"
"62094362","08C0007"
"65936214","08C0007"
"60992262","08C0007"
"61182724","08C0007"
"64933044","08C0007"
"60051234","03C0030"
"60429851","03C0030"
"61398768","03C0030"
"61653489","03C0030"
"61743794","03C0030"
"62025626","03C0030"
"62716818","03C0030"
"63295699","03C0030"
"63686819","03C0030"
"64399761","03C0030"
"64758851","03C0030"
"65166500","03C0030"
"65346644","03C0030"
"67513654","03C0030"
"68489829","03C0030"
"68610259","03C0030"
"68722137","03C0030"
"60051234","03C0030"
"60429851","03C0030"
"61398768","03C0030"
"61653489","03C0030"
"61743794","03C0030"
"62025626","03C0030"
"62716818","03C0030"
"63295699","03C0030"
"63686819","03C0030"
"64399761","03C0030"
"64758851","03C0030"
"65166500","03C0030"
"65346644","03C0030"
"67513654","03C0030"
"68489829","03C0030"
"68610259","03C0030"
"68722137","03C0030"
"61298230","13C0041"
"68964304","14C0075"
"64146217","14C0076"
"69604608","07C0011"
"66320218","14C0080"
"64146217","14C0081"
"61206641","14C0082"
"62348191","14C0083"
"61803451","14C0083"
"62170212","14C0084"
"64565603","14C0084"
"60480810","14C0085"
"64889982","14C0087"
"60595727","14C0087"
"67520378","14C0088"
"66862731","14C0089"
"65609052","08C0038"
"61042996","15C0001"
"64493883","15C0002"
"60989476","15C0003"
"63023286","15C0003"
"63646237","15C0003"
"66102792","15C0003"
"67351693","15C0003"
"69144152","15C0003"
"69803752","15C0003"
"67652999","15C0005"
"67652999","15C0006"
"64478874","07C0034"
"63216342","07C0034"
"60235768","07C0034"
"67875450","07C0034"
"67128815","07C0034"
"63372843","07C0034"
"62733600","15C0010"
"63787647","15C0010"
"62433250","15C0011"
"69941194","15C0011"
"63957170","15C0011"
"61361022","15C0011"
"69854597","15C0012"
"60898158","15C0013"
"62005716","15C0016"
"62955775","15C0018"
"61855918","02C0042"
"64186770","02C0042"
"65100183","02C0042"
"62005716","15C0021"
"60021312","05C0041"
"60097833","05C0041"
"61312395","05C0041"
"61777782","05C0041"
"63339576","05C0041"
"66815710","05C0041"
"68990516","05C0041"
"69724301","05C0041"
"60021312","05C0041"
"60097833","05C0041"
"61312395","05C0041"
"61777782","05C0041"
"63339576","05C0041"
"66815710","05C0041"
"68990516","05C0041"
"69724301","05C0041"
"60565723","15C0026"
"61973350","15C0028"
"63012197","15C0029"
"68469328","15C0030"
"67503464","15C0030"
"65945882","15C0030"
"69171174","01C0037"
"64597615","01C0037"
"61752409","01C0037"
"65164182","01C0037"
"64098181","08C0003"
"61712553","15C0031"
"61712553","15C0031"
"62978998","15C0033"
"63848228","15C0034"
"60120666","15C0035"
"61414553","15C0036"
"62119972","15C0037"
"62964361","15C0037"
"68350199","06C0031"
"69265912","06C0031"
"65881230","15C0040"
"65036318","15C0045"
"65261329","15C0045"
"66701315","15C0045"
"68381052","15C0045"
"62388307","15C0046"
"62960765","15C0046"
"63549069","15C0048"
"65007804","15C0048"
"67693946","15C0049"
"61997052","15C0050"
"61997052","15C0050"
"63549069","15C0051"
"65007804","15C0051"
"60418716","15C0052"
"63257093","15C0052"
"61276045","15C0053"
"62712079","15C0053"
"66932795","15C0054"
"61882445","15C0054"
"62223501","15C0055"
"64493883","15C0056"
"66958808","15C0058"
"60130062","09C0027"
"60241874","09C0027"
"60701778","09C0027"
"62904108","09C0027"
"63389629","09C0027"
"64495254","09C0027"
"64976412","09C0027"
"68340034","09C0027"
"60130062","09C0027"
"60241874","09C0027"
"60701778","09C0027"
"62904108","09C0027"
"63389629","09C0027"
"64495254","09C0027"
"64976412","09C0027"
"68340034","09C0027"
"61952527","06C0007"
"63501124","06C0007"
"63207425","15C0060"
"69945545","15C0062"
"61304594","15C0062"
"69945545","15C0063"
"61304594","15C0063"
"66958808","15C0064"
"64098181","07C0064"
"64005832","08C0020"
"61350360","15C0069"
"61843531","15C0069"
"62026945","15C0069"
"64296537","15C0069"
"65078623","15C0069"
"67988035","15C0069"
"68665113","15C0069"
"69323365","15C0069"
"69444281","15C0069"
"69498425","15C0069"
"61350360","15C0069"
"61843531","15C0069"
"62026945","15C0069"
"64296537","15C0069"
"65078623","15C0069"
"67988035","15C0069"
"68665113","15C0069"
"69323365","15C0069"
"69444281","15C0069"
"69498425","15C0069"
"64456664","15C0070"
"62093424","15C0070"
"63578537","15C0071"
"63578537","15C0072"
"63578537","15C0073"
"64529525","04C0020"
"66481292","04C0020"
"66688750","04C0020"
"63597651","15C0074"
"67104351","15C0074"
"64201368","15C0075"
"62142469","15C0075"
"69867865","15C0075"
"61042996","15C0076"
"65006905","15C0077"
"65768058","15C0078"
"65017887","15C0079"
"65017887","15C0080"
"65017887","15C0081"
"65017887","15C0082"
"65017887","15C0083"
"65017887","15C0084"
"65017887","15C0085"
"65638805","15C0086"
"60937038","15C0086"
"62990388","15C0086"
"66367812","15C0087"
"68773758","15C0091"
"69941269","15C0092"
"62553246","15C0093"
"68046787","15C0094"
"66367812","15C0088"
"65864619","15C0089"
"66719612","15C0089"
"63236206","15C0089"
"69181040","15C0096"
"60184590","15C0096"
"62689214","15C0097"
"63613333","15C0097"
"62689214","16C0001"
"63613333","16C0001"
"69481664","05C0032"
"67454800","07C0037"
"65037644","07C0037"
"62205873","07C0037"
"65869160","07C0037"
"60150015","16C0003"
"65166404","16C0004"
"64426906","16C0005"
"65006905","16C0006"
"69756861","04C0014"
"62438913","04C0014"
"66495139","05C0027"
"69258437","16C0007"
"64450234","16C0007"
"60232359","16C0008"
"60282789","16C0008"
"60375880","16C0008"
"60701479","16C0008"
"61086505","16C0008"
"61143842","16C0008"
"61217253","16C0008"
"61823653","16C0008"
"61911509","16C0008"
"61960118","16C0008"
"62118322","16C0008"
"62204262","16C0008"
"62207600","16C0008"
"62241816","16C0008"
"62253042","16C0008"
"62312829","16C0008"
"62435881","16C0008"
"62518793","16C0008"
"62582582","16C0008"
"62870759","16C0008"
"62925789","16C0008"
"63902601","16C0008"
"64116131","16C0008"
"64854807","16C0008"
"65243256","16C0008"
"65471256","16C0008"
"65621357","16C0008"
"65756419","16C0008"
"65780473","16C0008"
"66248854","16C0008"
"66273170","16C0008"
"66334381","16C0008"
"66383663","16C0008"
"66599839","16C0008"
"66847302","16C0008"
"66870190","16C0008"
"67087471","16C0008"
"67357066","16C0008"
"67519721","16C0008"
"67813947","16C0008"
"68065816","16C0008"
"68181742","16C0008"
"68337885","16C0008"
"68410194","16C0008"
"68598472","16C0008"
"68615199","16C0008"
"68751498","16C0008"
"69319623","16C0008"
"69557432","16C0008"
"69590076","16C0008"
"69593873","16C0008"
"60232359","16C0008"
"60282789","16C0008"
"60375880","16C0008"
"60701479","16C0008"
"61086505","16C0008"
"61143842","16C0008"
"61217253","16C0008"
"61823653","16C0008"
"61911509","16C0008"
"61960118","16C0008"
"62118322","16C0008"
"62204262","16C0008"
"62207600","16C0008"
"62241816","16C0008"
"62253042","16C0008"
"62312829","16C0008"
"62435881","16C0008"
"62518793","16C0008"
"62582582","16C0008"
"62870759","16C0008"
"62925789","16C0008"
"63902601","16C0008"
"64116131","16C0008"
"64854807","16C0008"
"65243256","16C0008"
"65471256","16C0008"
"65621357","16C0008"
"65756419","16C0008"
"65780473","16C0008"
"66248854","16C0008"
"66273170","16C0008"
"66334381","16C0008"
"66383663","16C0008"
"66599839","16C0008"
"66847302","16C0008"
"66870190","16C0008"
"67087471","16C0008"
"67357066","16C0008"
"67519721","16C0008"
"67813947","16C0008"
"68065816","16C0008"
"68181742","16C0008"
"68337885","16C0008"
"68410194","16C0008"
"68598472","16C0008"
"68615199","16C0008"
"68751498","16C0008"
"69319623","16C0008"
"69557432","16C0008"
"69590076","16C0008"
"69593873","16C0008"
"62570612","16C0010"
"69009069","16C0011"
"69349794","16C0011"
"68853909","16C0011"
"64440763","16C0011"
"66735584","16C0011"
"63314092","16C0011"
"63964656","16C0011"
"60602449","16C0011"
"69604608","07C0012"
"66097007","02C0040"
"65453475","16C0013"
"69688620","16C0015"
"65982247","16C0016"
"64098181","07C0065"
"67610861","07C0065"
"62490803","07C0065"
"65612995","07C0065"
"68988159","07C0065"
"61615809","07C0065"
"69174754","07C0065"
"63006917","07C0065"
"68954751","07C0065"
"61211663","07C0065"
"62200552","07C0065"
"63806058","07C0065"
"62094362","07C0065"
"65936214","07C0065"
"60992262","07C0065"
"61182724","07C0065"
"64933044","07C0065"
"64098181","07C0065"
"60614273","07C0065"
"67520378","07C0065"
"63389433","07C0065"
"66602114","07C0065"
"60457338","07C0065"
"64191689","07C0065"
"68256216","07C0065"
"62022612","07C0065"
"68722386","07C0065"
"63996294","07C0065"
"62529551","16C0017"
"69270884","16C0017"
"64296925","16C0017"
"65122144","16C0018"
"61816438","16C0018"
"65849001","16C0018"
"65122144","16C0019"
"61816438","16C0019"
"65849001","16C0019"
"61962699","16C0020"
"65639871","16C0020"
"66209488","16C0020"
"66352529","16C0020"
"65045274","16C0021"
"66848183","16C0022"
"68499606","16C0022"
"62003633","16C1000"
"60779773","16C0023"
"64065772","16C1001"
"67429003","16C1001"
"60579228","16C1001"
"63546596","16C1001"
"64872342","16C1001"
"64002423","16C1001"
"65519142","16C1001"
"60966449","16C0025"
"68323818","16C1002"
"64642836","16C1002"
"65543887","16C1002"
"60223417","04C0012"
"60298932","04C0012"
"60658711","04C0012"
"60795076","04C0012"
"61063232","04C0012"
"61503742","04C0012"
"61601738","04C0012"
"61907012","04C0012"
"62142469","04C0012"
"62437640","04C0012"
"62460176","04C0012"
"62507754","04C0012"
"62601043","04C0012"
"62654074","04C0012"
"62849957","04C0012"
"62978311","04C0012"
"63177804","04C0012"
"63197924","04C0012"
"63398304","04C0012"
"63445939","04C0012"
"63871604","04C0012"
"64201368","04C0012"
"64299095","04C0012"
"64945242","04C0012"
"65218477","04C0012"
"65419708","04C0012"
"65605189","04C0012"
"66163507","04C0012"
"66246173","04C0012"
"66520037","04C0012"
"66873927","04C0012"
"67489178","04C0012"
"69772164","04C0012"
"69793977","04C0012"
"69867865","04C0012"
"60223417","04C0012"
"60298932","04C0012"
"60658711","04C0012"
"60795076","04C0012"
"61063232","04C0012"
"61503742","04C0012"
"61601738","04C0012"
"61907012","04C0012"
"62142469","04C0012"
"62437640","04C0012"
"62460176","04C0012"
"62507754","04C0012"
"62601043","04C0012"
"62654074","04C0012"
"62849957","04C0012"
"62978311","04C0012"
"63177804","04C0012"
"63197924","04C0012"
"63398304","04C0012"
"63445939","04C0012"
"63871604","04C0012"
"64201368","04C0012"
"64299095","04C0012"
"64945242","04C0012"
"65218477","04C0012"
"65419708","04C0012"
"65605189","04C0012"
"66163507","04C0012"
"66246173","04C0012"
"66520037","04C0012"
"66873927","04C0012"
"67489178","04C0012"
"69772164","04C0012"
"69793977","04C0012"
"69867865","04C0012"
"62002638","16C0030"
"64018979","16C0030"
"64102473","16C0030"
"64237955","16C0030"
"65314657","16C0030"
"65348481","16C0030"
"68929381","16C0030"
"69811090","06C0022"
"62442395","06C0022"
"66203859","02C0033"
"60135981","02C0033"
"64966902","16C0032"
"68686890","16C0032"
"60797807","16C0032"
"66206474","16C0032"
"65700541","16C0032"
"66988648","16C0034"
"60665360","16C0034"
"69002701","16C0034"
"61349130","16C0034"
"60368512","16C1004"
"60463095","16C1004"
"68788824","16C0035"
"60570108","16C0035"
"60241034","16C0036"
"61077659","16C0036"
"63544054","08C0015"
"61312477","08C0015"
"67037109","06C0049"
"67055858","06C0049"
"65539020","06C0049"
"67564848","06C0049"
"63404789","06C0049"
"67520378","08C0005"
"61666846","16C0038"
"64901947","16C0038"
"68479557","07C0049"
"66259498","07C0049"
"68479557","07C0050"
"66259498","07C0050"
"69225978","08C0002"
"65283820","08C0002"
"63841059","08C0002"
"66287152","08C0039"
"65586162","08C0039"
"60442838","08C0039"
"68071018","16C0041"
"64832013","16C0041"
"64611260","16C0041"
"60256036","16C0041"
"66430312","16C0041"
"64003920","16C0042"
"63092880","16C0042"
"63817001","16C0042"
"66157358","16C0042"
"61050007","16C0042"
"61387896","16C0042"
"62611475","16C0042"
"67667620","16C0042"
"61181266","16C1006"
"60241034","16C1008"
"61077659","16C1008"
"68183914","02C0043"
"63209020","02C0043"
"64086275","02C0043"
"63601338","02C0043"
"63012197","16C1015"
"64201368","16C0044"
"62142469","16C0044"
"69867865","16C0044"
"61206641","16C0045"
"69979273","16C1019"
"64689693","16C1022"
"64689693","16C1023"
"64689693","16C1024"
"64689693","16C1025"
"66198173","16C1026"
"66198173","16C1027"
"65834394","03C0017"
"65958239","03C0017"
"69226514","03C0017"
"68937321","03C0017"
"60150015","16C1020"
"69443966","05C0030"
"68301348","05C0030"
"66745660","05C0030"
"65077051","02C0041"
"65453475","17C1001"
"60755263","06C0018"
"69111017","17C1007"
"68093737","17C1007"
"61970183","17C1009"
"69279221","17C1009"
"67061971","17C1009"
"60035714","17C1008"
"62222050","17C1008"
"62534114","17C1008"
"67700426","17C1008"
"60035714","17C1008"
"62222050","17C1008"
"62534114","17C1008"
"67700426","17C1008"
"63012197","17C1010"
"69663414","17C1011"
"66833683","17C1011"
"69537091","17C1011"
"65584250","17C1013"
"60672974","17C1013"
"66180136","17C1013"
"65291824","17C1013"
"61673965","17C0002"
"68016146","17C1012"
"60321676","17C1012"
"67316379","17C1012"
"69761794","17C0003"
"61233389","17C0003"
"62598280","17C1018"
"63696471","17C1018"
"64449755","17C1018"
"60639892","17C1019"
"64391519","17C1020"
"67298244","17C1020"
"65010266","17C1020"
"68722564","06C0024"
"69817346","06C0015"
"61404477","17C0004"
"62030744","17C0004"
"64332894","17C0004"
"64745003","17C0004"
"65979151","17C0004"
"66513085","17C0004"
"68378405","17C0004"
"63788717","17C0005"
"61751780","17C0005"
"68788824","17C1022"
"60570108","17C1022"
"68772407","17C1023"
"65741417","17C1023"
"60810891","17C1023"
"61906519","17C1024"
"60944716","17C1024"
"64477690","17C1024"
"66216027","17C1024"
"61411315","17C1024"
"64280351","17C1024"
"67710662","17C1024"
"69894104","17C1025"
"63555182","17C1026"
"63390752","17C1027"
"69681469","17C1028"
"65185956","17C1028"
"64465866","17C1029"
"61342424","17C1031"
"68330200","17C1031"
"64391519","17C1035"
"67298244","17C1035"
"65010266","17C1035"
"66364008","04C0018"
"68071018","17C1036"
"64832013","17C1036"
"64611260","17C1036"
"60256036","17C1036"
"66430312","17C1036"
"63851352","17C1037"
"63851352","17C1038"
"63052124","17C1039"
"63052124","17C1040"
"61042996","17C1041"
"60345905","17C1045"
"64422886","17C1045"
"60199966","17C1046"
"65599882","17C1048"
"65599882","17C1049"
"60345905","17C1050"
"64422886","17C1050"
"61847017","17C1054"
"60345905","17C1055"
"64422886","17C1055"
"60199966","17C1056"
"64326560","17C1057"
"63820638","17C1057"
"69240179","17C1057"
"61709735","17C1057"
"68343525","17C1059"
"65620419","17C1060"
"61847017","17C1061"
"61847017","17C1062"
"67868413","17C1063"
"66710887","18C0001"
"67352140","18C1003"
"69548508","18C1005"
"65763132","18C1007"
"60393661","18C1007"
"69800507","18C1007"
"67071218","18C1007"
"60427957","18C1008"
"60522572","18C1008"
"64423080","18C1011"
"66004227","18C1011"
"64627916","18C1011"
"64039311","18C1011"
"67868413","18C1012"
"69340343","18C1013"
"67522169","18C1013"
"65283311","18C1013"
"66170398","18C1013"
"60199966","18C1010"
"66602114","08C0013"
"60457338","08C0013"
"60245253","07C0056"
"65786896","07C0056"
"67232333","07C0056"
"69470867","07C0056"
"65512525","07C0056"
"68425602","07C0056"
"63841924","07C0056"
"65766192","18C1017"
"61400703","18C1017"
"63210923","18C1017"
"68372441","18C1018"
"67296108","18C1018"
"67707919","18C1019"
"69937274","07C0031"
"60983726","07C0031"
"69937274","07C0032"
"60983726","07C0032"
"64967356","09C0006"
"64357958","09C0006"
"62229123","09C0006"
"62359608","09C0006"
"62377079","09C0006"
"67707919","18C1020"
"63562134","18C1021"
"63094493","18C1021"
"63047629","18C1022"
"66127361","18C1023"
"62679768","05C0009"
"65554613","05C0009"
"64684582","05C0009"
"61415541","18C1026"
"69541570","18C1026"
"69579980","07C0051"
"65340755","07C0051"
"69250216","07C0051"
"60070665","07C0051"
"63028422","07C0051"
"65938521","07C0051"
"65058186","07C0051"
"63878513","07C0051"
"64723850","07C0051"
"67334530","18C1029"
"64591854","18C1029"
"67601314","18C1029"
"62944394","18C1029"
"66367812","18C1030"
"61529993","18C1031"
"62696479","18C1031"
"60215018","18C1032"
"66071126","18C1032"
"67649597","18C1032"
"61065137","18C1033"
"60215018","18C1034"
"66071126","18C1034"
"67649597","18C1034"
"62844771","18C1035"
"61080146","18C1038"
"60511177","18C1039"
"63549069","18C1042"
"65007804","18C1042"
"63504750","18C1043"
"63914596","18C1044"
"64205548","18C1044"
"68097237","18C1044"
"69388740","18C1044"
"63914596","18C1044"
"64205548","18C1044"
"68097237","18C1044"
"69388740","18C1044"
"61280428","07C0070"
"61195604","07C0070"
"60261656","18C1049"
"69586252","18C1049"
"60980609","18C1049"
"69596271","18C1051"
"63690956","19C1001"
"63280448","18C1047"
"60789511","19C1000"
"62111751","19C1002"
"64183564","19C1005"
"65647882","19C1006"
"65647882","19C1007"
"64453084","19C1008"
"67160229","19C1008"
"67393660","19C1008"
"62111751","19C1009"
"69749137","19C1010"
"65346733","19C1010"
"69749137","19C1011"
"65346733","19C1011"
"68671625","19C1013"
"60866559","19C1013"
"67712453","19C1014"
"68671625","19C1015"
"60866559","19C1015"
"63690956","19C1019"
"63690956","19C1020"
"60694593","19C1021"
"60694593","19C1022"
"64419961","19C1024"
"64419961","19C1025"
"66661714","19C1027"
"64386835","19C1027"
"62816512","09C0037"
"60035714","19C1034"
"62222050","19C1034"
"62534114","19C1034"
"67700426","19C1034"
"60035714","19C1034"
"62222050","19C1034"
"62534114","19C1034"
"67700426","19C1034"
"64201368","19C1036"
"62142469","19C1036"
"69867865","19C1036"
"60941734","19C1041"
"65570603","08C0025"
"63484283","08C0025"
"65693901","08C0025"
"62450342","08C0028"
"63197760","08C0028"
"60418716","19C1046"
"63257093","19C1046"
"68966390","19C1049"
"69719293","19C1049"
"64745003","00C0029"
"61404477","00C0029"
"65979151","00C0029"
"62723129","05C0018"
"61971520","06C0006"
"62877141","06C0006"
"61065137","09C0017"
"67340437","01C0010"
"62981909","03C0013"
"64968807","03C0013"
"60106606","03C0013"
"66743830","03C0013"
"60937230","03C0013"
"66954464","04C0017"
"64445956","04C0017"
"68255655","04C0017"
"68294455","04C0017"
"69558317","04C0017"
"67778827","04C0017"
"65270506","06C0029"
"65270506","06C0038"
"68471674","07C0060"
"64493890","08C0040"
"61871331","08C0040"
"67352140","19C1055"
"67352140","19C1056"
"67352140","19C1057"
"60148167","19C1058"
"67060271","19C1061"
"66586838","19C1062"
"63776483","19C1062"
"63280448","19C1063"
"62238535","06C0014"
"67060271","19C1065"
"60304050","19C1067"
"61434805","19C1067"
"61835424","19C1067"
"62311182","19C1067"
"62472716","19C1067"
"63914016","19C1067"
"64073783","19C1067"
"65317023","19C1067"
"65672615","19C1067"
"66009893","19C1067"
"68230207","19C1067"
"68677400","19C1067"
"69038793","19C1067"
"69375846","19C1067"
"69650566","19C1067"
"64201368","19C1069"
"62142469","19C1069"
"69867865","19C1069"
"63071975","97C0002"
"63436228","97C0002"
"64833859","97C0002"
"65421374","97C0002"
"65662980","97C0002"
"66283307","97C0002"
"66501802","97C0002"
"63071975","97C0002"
"63436228","97C0002"
"64833859","97C0002"
"65421374","97C0002"
"65662980","97C0002"
"66283307","97C0002"
"66501802","97C0002"
"63335058","97C0007"
"64866332","98C0001"
"69016117","98C0007"
"67527910","98C0007"
"67432729","98C0007"
"66881233","98C0007"
"60267171","98C0007"
"69922895","98C0007"
"60614889","99C0020"
"60628554","99C0020"
"61377350","99C0020"
"62607039","99C0020"
"62901254","99C0020"
"63803877","99C0020"
"65145417","99C0020"
"65436472","99C0020"
"66814925","99C0020"
"67429380","99C0020"
"68065392","99C0020"
"69181930","99C0020"
"69548383","99C0020"
"69865024","99C0020"
"66949061","19C1033"
"62626993","19C1033"
"61066196","19C1033"
"60648770","19C1033"
"65301389","19C1071"
"62184233","19C1071"
"65395602","19C1073"
